id,name,address,contact_person,contact_number,email,created_at
1,Roomm,40343 Karstens Alley,Minnnie Guthrum,169-667-6754,mguthrum0@jimdo.com,9/17/2025
2,Feedbug,655 Holmberg Plaza,Nobe Muckle,174-702-6069,nmuckle1@vimeo.com,5/22/2025
3,Meetz,788 North Lane,Pooh Tebbs,540-904-3815,ptebbs2@virginia.edu,3/20/2025
4,Jatri,2573 Shopko Court,Homere Biaggioni,257-653-4531,hbiaggioni3@auda.org.au,7/22/2025
5,Feedbug,98613 Annamark Crossing,Domingo Durward,486-150-8192,ddurward4@soundcloud.com,07/11/2025
6,Oodoo,5 Brentwood Trail,Frankie Makey,519-481-9523,fmakey5@t.co,01/07/2025
7,Buzzshare,22 Forster Street,Meaghan Karby,396-181-1388,mkarby6@ebay.com,8/13/2025
8,Eayo,50327 Larry Point,Jannelle Toulamain,376-495-1831,jtoulamain7@slideshare.net,02/06/2025
9,Trudoo,995 Lerdahl Avenue,Horace Andreutti,102-298-0838,handreutti8@cnbc.com,5/14/2025
10,Devify,5169 Charing Cross Terrace,Roseline Titford,692-530-7116,rtitford9@pinterest.com,2/23/2025
11,Tagpad,09 Dapin Hill,Min Godleman,302-211-8149,mgodlemana@mapy.cz,1/18/2025
12,Brainverse,0086 Ronald Regan Terrace,Merilyn McGettigan,383-321-9550,mmcgettiganb@wikia.com,1/16/2025
13,Oyondu,9 Springs Park,Leighton Jeanet,819-577-5786,ljeanetc@i2i.jp,06/08/2025
14,Flashspan,63531 Stephen Court,Thurston Curzey,333-268-6345,tcurzeyd@reddit.com,12/17/2024
15,Jayo,793 Rutledge Court,Leslie Shire,904-575-7003,lshiree@angelfire.com,05/03/2025
16,Brainsphere,80397 Tennessee Alley,Layton Siverns,982-492-8395,lsivernsf@macromedia.com,5/25/2025
17,Edgeclub,4 Novick Center,Madelene Blune,110-690-7346,mbluneg@kickstarter.com,2/25/2025
18,Feedfish,341 Susan Pass,Zoe Seebert,499-835-8601,zseeberth@imageshack.us,7/28/2025
19,Miboo,1 Grayhawk Alley,Yoshiko Vassall,669-639-8304,yvassalli@cocolog-nifty.com,3/24/2025
20,Zoonder,07842 Ronald Regan Way,Lilian Vondrak,695-221-1500,lvondrakj@census.gov,7/13/2025
21,Photobug,1043 Southridge Street,Ronny Runnett,687-910-1283,rrunnettk@tinypic.com,01/08/2025
22,Jaxworks,93758 Spohn Road,Lissa Wagner,128-258-6653,lwagnerl@bravesites.com,12/23/2024
23,Abatz,885 Donald Alley,Shannah Jantot,849-253-3425,sjantotm@senate.gov,11/19/2025
24,Oyope,48 West Alley,Bettye Grigoire,662-535-7894,bgrigoiren@mlb.com,10/20/2025
25,Yozio,4 Little Fleur Way,Kendal Maiden,397-495-9733,kmaideno@nydailynews.com,8/25/2025
26,Skipfire,84 American Alley,Ezekiel Hughill,689-374-8426,ehughillp@163.com,3/30/2025
27,Zoonoodle,80 Mesta Parkway,Barbette Hutchens,710-993-6345,bhutchensq@ustream.tv,02/10/2025
28,Buzzbean,1292 Stuart Terrace,Griswold Hounsom,674-604-4903,ghounsomr@cbc.ca,2/22/2025
29,Rhynyx,90 Fairfield Center,Johnette Pestell,192-804-5153,jpestells@wisc.edu,04/02/2025
30,Brightbean,4880 Jackson Terrace,Lexy Phillput,890-183-6954,lphillputt@typepad.com,6/28/2025
31,Voomm,677 Loftsgordon Circle,Vinnie Biagini,491-368-3363,vbiaginiu@salon.com,4/15/2025
32,Realpoint,870 Eagle Crest Street,Rainer Eitter,251-672-5971,reitterv@ovh.net,10/18/2025
33,Minyx,77 Troy Center,Salvatore O' Timony,399-737-5584,sow@cbc.ca,2/26/2025
34,Brainverse,7 8th Hill,Leticia Putten,451-343-9441,lputtenx@hp.com,5/21/2025
35,Gigazoom,76 Vidon Plaza,Fiann Fellenor,963-411-8995,ffellenory@angelfire.com,02/05/2025
36,Brainverse,783 Dorton Park,Frankie Longworth,151-486-7668,flongworthz@pcworld.com,2/26/2025
37,Devpoint,07498 Schiller Place,Derek Guerola,764-926-3049,dguerola10@imdb.com,01/02/2025
38,Zoomcast,909 Northland Road,Jervis Halkyard,101-421-7913,jhalkyard11@acquirethisname.com,1/24/2025
39,Voonte,5002 Elka Center,Hatty Fredy,292-632-4772,hfredy12@amazon.de,09/07/2025
40,Twitternation,8 Elgar Trail,Reggy Pinwill,119-957-1100,rpinwill13@businessinsider.com,02/08/2025
41,Dabjam,22 Crowley Court,Winslow Merington,613-536-4336,wmerington14@jimdo.com,8/19/2025
42,Tagtune,82 Morning Crossing,Massimiliano Ander,285-509-1062,mander15@ft.com,12/13/2024
43,Topicstorm,29222 Miller Court,Adeline Pakes,489-418-2106,apakes16@skype.com,12/02/2024
44,Oba,18 Del Sol Lane,Lilas Slimme,618-241-8438,lslimme17@illinois.edu,11/06/2025
45,Edgewire,09 Helena Way,Lindsey Graalmans,378-645-1171,lgraalmans18@boston.com,12/19/2024
46,Skiptube,21 Hayes Park,Fernande Martonfi,963-482-9461,fmartonfi19@ovh.net,3/16/2025
47,Leenti,83555 Prentice Drive,Esdras Thames,965-891-8723,ethames1a@eventbrite.com,5/25/2025
48,Voonder,6 Green Ridge Way,Rose Seamark,140-230-2778,rseamark1b@thetimes.co.uk,10/23/2025
49,Edgepulse,105 Waywood Center,Keir Hendrich,205-903-7080,khendrich1c@hc360.com,4/13/2025
50,Skiba,30 Express Point,Rora Bisco,350-290-3836,rbisco1d@over-blog.com,3/30/2025
51,Twinte,5 Havey Park,Rozalin Kimmings,152-676-0771,rkimmings1e@usa.gov,10/10/2025
52,Demizz,2044 Sloan Circle,Boyd Lathbury,744-204-0383,blathbury1f@webnode.com,06/04/2025
53,Devbug,889 Bellgrove Avenue,Lucias Steven,762-926-5572,lsteven1g@reference.com,10/11/2025
54,Fivebridge,43846 Hollow Ridge Park,Benji Ellsom,675-962-8034,bellsom1h@youtube.com,04/11/2025
55,Agivu,4 Norway Maple Junction,Francklyn Mooreed,737-904-3664,fmooreed1i@theguardian.com,4/14/2025
56,Wordpedia,095 Bartelt Crossing,Tanny Johnsey,204-123-5240,tjohnsey1j@free.fr,8/30/2025
57,Katz,976 Wayridge Plaza,Natka Arnaut,818-447-4434,narnaut1k@nbcnews.com,3/24/2025
58,Vinder,2 Algoma Hill,Felice Newdick,106-399-2729,fnewdick1l@icq.com,6/18/2025
59,Kayveo,209 Upham Court,Maritsa Burke,200-327-2488,mburke1m@shinystat.com,8/26/2025
60,Riffpath,64041 Brown Road,Jobyna Ensley,592-371-0975,jensley1n@edublogs.org,6/14/2025
61,Browsecat,487 Stephen Plaza,Candie Huws,870-310-6613,chuws1o@edublogs.org,5/26/2025
62,Babblestorm,6107 Stang Plaza,Karel Shawley,401-866-6018,kshawley1p@gov.uk,3/18/2025
63,Shuffletag,78303 Village Crossing,Jerrine Lande,858-216-4036,jlande1q@slate.com,10/10/2025
64,Wikibox,292 Morning Parkway,Beryle MacGaughie,828-700-5470,bmacgaughie1r@europa.eu,12/16/2024
65,Skalith,5766 Elka Lane,Arte Downgate,807-897-7589,adowngate1s@unblog.fr,12/30/2024
66,Divape,6194 Schiller Park,Philly Cambridge,212-791-4325,pcambridge1t@dropbox.com,10/19/2025
67,Yodel,7 Corben Road,Jedd Eliyahu,521-121-5847,jeliyahu1u@domainmarket.com,05/01/2025
68,Yakidoo,751 Farragut Road,Chiquita Janosevic,542-468-7704,cjanosevic1v@sfgate.com,07/08/2025
69,Tazz,45614 Merrick Junction,Cordy Whittek,614-475-4521,cwhittek1w@prlog.org,12/20/2024
70,Chatterbridge,749 Eggendart Avenue,Michel Charte,205-360-4461,mcharte1x@tinyurl.com,9/17/2025
71,Linkbuzz,12230 Oneill Crossing,Candis Klempke,418-338-4268,cklempke1y@creativecommons.org,05/06/2025
72,Eare,6363 Meadow Vale Road,Julianna Sponton,550-187-5066,jsponton1z@sourceforge.net,02/07/2025
73,Twitterlist,550 High Crossing Park,Kassi Meffen,689-996-7190,kmeffen20@tuttocitta.it,10/27/2025
74,Zoomcast,29375 Morning Avenue,Jeddy Frensch,754-912-6945,jfrensch21@istockphoto.com,10/02/2025
75,Tagpad,5 Sycamore Plaza,Twyla Newbury,570-728-5829,tnewbury22@mapy.cz,10/09/2025
76,Skyndu,04 Talmadge Point,Aliza Fitzharris,276-325-8307,afitzharris23@last.fm,2/16/2025
77,Kanoodle,0 Dryden Park,Nicolette McGarel,957-878-0227,nmcgarel24@sciencedirect.com,04/06/2025
78,Roombo,5425 Independence Parkway,Ileane Sparrowe,131-671-8263,isparrowe25@china.com.cn,8/31/2025
79,Babbleopia,73 Stoughton Junction,Karlik Dewerson,609-624-8382,kdewerson26@list-manage.com,6/17/2025
80,Twitternation,18852 Birchwood Hill,Giovanna Kaiser,116-888-7671,gkaiser27@cyberchimps.com,06/07/2025
81,Talane,2577 Hudson Drive,Bentley Roalfe,333-255-2265,broalfe28@foxnews.com,01/06/2025
82,Dabtype,9 Oak Road,Michelina Fowkes,363-847-8716,mfowkes29@eventbrite.com,12/13/2024
83,Twitterworks,12364 Porter Circle,Willard Boundey,485-231-7784,wboundey2a@gnu.org,1/16/2025
84,Gigaclub,10 Becker Point,Antin Pillinger,495-351-6458,apillinger2b@arstechnica.com,8/31/2025
85,Kamba,1432 Lake View Plaza,Kerry Ilchuk,432-197-7710,kilchuk2c@gravatar.com,5/14/2025
86,Chatterpoint,622 Old Gate Circle,Bertie Mustchin,800-905-5476,bmustchin2d@umich.edu,3/25/2025
87,Aimbo,81501 Florence Alley,Jone Meates,310-182-2284,jmeates2e@usgs.gov,9/19/2025
88,Linkbuzz,10427 Rutledge Pass,Maegan Kohnen,259-880-8495,mkohnen2f@moonfruit.com,01/07/2025
89,Gabvine,73212 Old Gate Parkway,Jacquenetta Nowak,254-726-2572,jnowak2g@lulu.com,4/23/2025
90,Oyoba,11 Cherokee Circle,Paulette Groucock,193-460-1303,pgroucock2h@hao123.com,10/16/2025
91,Zoomzone,9869 Marquette Junction,Flory Forber,131-444-6759,fforber2i@ebay.com,04/05/2025
92,Twitterbridge,56249 Troy Parkway,Selinda Cheney,804-481-2958,scheney2j@blog.com,08/06/2025
93,Zoozzy,7103 Dovetail Pass,Sean McGeown,283-194-2726,smcgeown2k@amazon.com,06/12/2025
94,Zoomzone,089 Katie Crossing,Aluino Hentzeler,624-314-8778,ahentzeler2l@nbcnews.com,3/15/2025
95,Flipstorm,874 Beilfuss Hill,Lindsay Bullan,404-641-4607,lbullan2m@delicious.com,04/12/2025
96,Kamba,38 Waywood Junction,Emmey Halsworth,866-844-1351,ehalsworth2n@google.pl,1/22/2025
97,Minyx,63233 Manitowish Alley,Lorelei Blaver,444-671-6667,lblaver2o@abc.net.au,10/03/2025
98,Centizu,43 Red Cloud Circle,Danny Vian,409-512-4866,dvian2p@meetup.com,7/19/2025
99,Twitterwire,659 Iowa Trail,Sayre Colbran,474-136-2292,scolbran2q@pcworld.com,2/13/2025
100,Meembee,646 Barnett Park,Purcell Ebbrell,899-227-2746,pebbrell2r@yolasite.com,12/28/2024
101,Browsedrive,86609 Atwood Center,Lyda Farrington,887-870-8360,lfarrington2s@ucla.edu,9/15/2025
102,Quatz,96 Valley Edge Point,Siegfried Warlawe,277-455-7071,swarlawe2t@kickstarter.com,8/14/2025
103,Voomm,6374 Hanover Hill,Templeton Perrigo,427-866-6488,tperrigo2u@ted.com,2/15/2025
104,Trupe,275 North Court,Pamella Shervil,652-651-5056,pshervil2v@phpbb.com,3/27/2025
105,Tavu,1860 Barby Junction,Ruby Egdal,736-278-5473,regdal2w@tinypic.com,5/13/2025
106,Dablist,68 Rieder Junction,Rene Trythall,342-773-7165,rtrythall2x@huffingtonpost.com,4/14/2025
107,Wikido,47 Dixon Junction,Valry Holbury,399-752-0176,vholbury2y@cnn.com,10/02/2025
108,Gabcube,91 Twin Pines Pass,Rebeca Vido,133-617-2351,rvido2z@4shared.com,9/15/2025
109,Linkbridge,6128 Muir Street,Roseanne Maeer,396-975-2306,rmaeer30@blogs.com,5/20/2025
110,Wikizz,51 Becker Pass,Frasco Affleck,202-111-6816,faffleck31@google.fr,11/10/2025
111,Jaloo,0532 Wayridge Crossing,Janelle Kitchingham,973-216-6828,jkitchingham32@businessinsider.com,08/02/2025
112,Skipstorm,7 Marquette Road,Rivalee Tomaino,718-387-5302,rtomaino33@washington.edu,04/08/2025
113,Jaxnation,319 Judy Plaza,Annemarie Skellington,468-713-1858,askellington34@pagesperso-orange.fr,12/08/2024
114,Leexo,2735 Prairieview Point,Yehudit Rubenfeld,959-350-9686,yrubenfeld35@seattletimes.com,12/28/2024
115,Meetz,51120 Killdeer Point,Elysia Belson,793-579-9719,ebelson36@issuu.com,3/22/2025
116,Realmix,254 Sloan Way,Phaidra Denisot,324-723-6616,pdenisot37@google.co.uk,04/10/2025
117,Feedspan,082 Lindbergh Way,Billye Mityashin,875-277-6816,bmityashin38@nbcnews.com,2/14/2025
118,Divavu,41 Nobel Avenue,Georgie Lickess,254-696-2876,glickess39@slideshare.net,11/22/2025
119,Thoughtsphere,7593 Calypso Lane,Alberik Strewthers,123-315-1626,astrewthers3a@arizona.edu,7/17/2025
120,Gabtune,033 Graedel Lane,Sonia Cluderay,102-756-2589,scluderay3b@xing.com,12/11/2024
121,Linkbridge,896 Dawn Way,Jo Ferraraccio,905-339-6787,jferraraccio3c@kickstarter.com,1/29/2025
122,Meetz,68385 Waubesa Center,Rosanna Poag,359-750-8153,rpoag3d@irs.gov,02/02/2025
123,Tazzy,48235 Nova Point,Maryanne Petrenko,685-103-5762,mpetrenko3e@wsj.com,3/15/2025
124,Devcast,62306 Oxford Road,Web Sword,171-410-3119,wsword3f@lycos.com,04/09/2025
125,Trunyx,7 Parkside Pass,Erinna Chitty,945-239-6895,echitty3g@nhs.uk,06/04/2025
126,Bluejam,8675 Reindahl Junction,Davin Readitt,379-635-9898,dreaditt3h@tripod.com,5/18/2025
127,Eadel,45279 Maryland Pass,Bertrand Geekin,384-959-5816,bgeekin3i@feedburner.com,11/22/2025
128,Tanoodle,94 Twin Pines Point,Nicolle Tolumello,793-377-9733,ntolumello3j@vinaora.com,2/13/2025
129,Buzzbean,5 Larry Trail,Bianka Petrushkevich,468-992-0058,bpetrushkevich3k@cornell.edu,8/16/2025
130,Mudo,88 Village Green Lane,Nancey Crome,841-879-9699,ncrome3l@nationalgeographic.com,05/04/2025
131,Yabox,273 Cherokee Parkway,Parker Sinkinson,376-972-2319,psinkinson3m@stumbleupon.com,12/07/2024
132,Jaxspan,063 John Wall Lane,Weber Ingerfield,248-586-4842,wingerfield3n@comcast.net,10/30/2025
133,Zoomlounge,65 Dennis Center,Shirl Pahler,518-681-7392,spahler3o@prnewswire.com,02/01/2025
134,Gabcube,4733 Acker Point,Quinton Fairbank,888-215-1024,qfairbank3p@usgs.gov,1/14/2025
135,Edgewire,528 Cascade Place,Heath McGuiness,797-676-1097,hmcguiness3q@nbcnews.com,2/25/2025
136,Skiba,4238 Heath Place,Georgi Balaison,329-998-4291,gbalaison3r@ed.gov,8/29/2025
137,Meembee,25 Talisman Court,Karyl Holligan,190-843-3078,kholligan3s@loc.gov,06/01/2025
138,Eamia,248 Karstens Terrace,Ike Pettipher,617-626-8127,ipettipher3t@soundcloud.com,1/21/2025
139,Meembee,0 Debra Way,Karlie Atcheson,136-674-4479,katcheson3u@oakley.com,04/06/2025
140,Quimba,439 Oriole Point,Tristan Scala,282-721-5600,tscala3v@ning.com,9/24/2025
141,Rhyloo,54402 American Parkway,Muffin Rominov,697-715-2838,mrominov3w@drupal.org,9/13/2025
142,Brainbox,1 4th Parkway,Nisse Killwick,638-612-6226,nkillwick3x@msu.edu,2/27/2025
143,Meembee,3936 Starling Plaza,Ted Horning,769-814-4331,thorning3y@technorati.com,4/23/2025
144,Jaxbean,6 Kensington Pass,Jan Domerque,595-407-0272,jdomerque3z@cnet.com,05/04/2025
145,Jatri,0 Talisman Pass,Sal Pulman,320-281-7047,spulman40@yellowpages.com,3/27/2025
146,Trilia,8 Sullivan Hill,Valeda Woolston,897-155-7427,vwoolston41@gnu.org,8/18/2025
147,Dabfeed,045 Division Circle,Boot De Zuani,241-759-8107,bde42@hao123.com,02/07/2025
148,Twitterwire,41171 Crownhardt Alley,Gare Jedrzejewicz,272-661-0078,gjedrzejewicz43@cornell.edu,1/13/2025
149,Skipfire,175 Bluestem Avenue,Rouvin Shoebridge,662-586-5012,rshoebridge44@go.com,01/07/2025
150,Reallinks,76107 Fallview Road,Gabriel Isakson,367-591-4341,gisakson45@linkedin.com,01/03/2025
151,Rhynyx,2 Sunbrook Park,Jesus Plait,273-633-5327,jplait46@friendfeed.com,03/06/2025
152,Fivebridge,0 Kenwood Road,Eleni Haquin,916-640-9239,ehaquin47@nifty.com,10/13/2025
153,Gigashots,92876 Esker Street,Willette Joice,465-382-6657,wjoice48@histats.com,4/26/2025
154,Feedfish,514 Bartillon Place,Andrea Durbann,356-633-7649,adurbann49@wsj.com,01/09/2025
155,Quinu,8 Hollow Ridge Plaza,Donella Craighall,562-118-1580,dcraighall4a@jiathis.com,5/28/2025
156,Innojam,1 Judy Point,Gianina Lyenyng,262-550-4400,glyenyng4b@163.com,07/02/2025
157,Livepath,26 Bluejay Crossing,Charyl Brennenstuhl,118-358-8472,cbrennenstuhl4c@123-reg.co.uk,8/15/2025
158,Blogtags,9398 Pankratz Court,Austin Musgrave,431-514-0290,amusgrave4d@nps.gov,10/27/2025
159,Buzzster,79 Service Avenue,Elmo Iacapucci,135-675-9003,eiacapucci4e@marriott.com,02/01/2025
160,Vinder,410 Old Gate Junction,Katya Simison,875-676-5282,ksimison4f@themeforest.net,6/13/2025
161,Quaxo,29 Welch Crossing,Thom Fulker,464-331-3725,tfulker4g@theglobeandmail.com,02/07/2025
162,Demizz,668 Cottonwood Drive,Ollie Lowle,332-711-2391,olowle4h@nymag.com,2/13/2025
163,Vinder,3147 New Castle Way,Dulcinea Mowson,453-954-5576,dmowson4i@yahoo.co.jp,8/17/2025
164,Ainyx,01 Caliangt Street,Pasquale Daniele,829-826-5052,pdaniele4j@scribd.com,8/24/2025
165,Avaveo,755 Morningstar Parkway,Alysa Marvell,461-714-5914,amarvell4k@thetimes.co.uk,2/22/2025
166,Topicshots,41712 Armistice Junction,Jess Marton,329-461-3939,jmarton4l@adobe.com,5/27/2025
167,Snaptags,389 Chinook Court,Robyn Lidgertwood,701-108-7997,rlidgertwood4m@digg.com,3/21/2025
168,Thoughtsphere,743 Algoma Trail,Arman Pettiford,229-293-4329,apettiford4n@mayoclinic.com,5/14/2025
169,Zazio,4819 Kim Way,Salomi Skipperbottom,156-622-6168,sskipperbottom4o@auda.org.au,10/31/2025
170,Gabtype,9628 Warbler Plaza,Kathie Skelly,765-514-1619,kskelly4p@cnbc.com,12/06/2024
171,Meedoo,9 Pleasure Court,Kipp Utting,657-978-1206,kutting4q@ask.com,12/10/2024
172,Voomm,7727 Manufacturers Court,Wye Arnott,156-159-7725,warnott4r@theguardian.com,09/07/2025
173,Gigabox,376 Troy Junction,Vail Klaessen,404-888-3126,vklaessen4s@weather.com,05/02/2025
174,Riffpedia,23 Jackson Plaza,Shea Erickssen,556-571-5682,serickssen4t@w3.org,12/11/2024
175,Jayo,47563 Eastlawn Road,Wells Coppledike,560-738-0433,wcoppledike4u@epa.gov,3/28/2025
176,Jayo,81162 Banding Drive,Alexine Ottewill,524-165-1690,aottewill4v@upenn.edu,06/07/2025
177,Feedfish,4179 Morrow Junction,Valma Everall,774-284-5516,veverall4w@ftc.gov,1/27/2025
178,Meemm,85 Donald Circle,Bailie Fouldes,591-961-4384,bfouldes4x@bluehost.com,08/02/2025
179,Buzzster,9549 Schmedeman Avenue,Sal Marzellano,330-904-7051,smarzellano4y@photobucket.com,6/24/2025
180,Edgeify,19 Gulseth Court,Maisey Beecraft,413-812-8214,mbeecraft4z@photobucket.com,8/27/2025
181,Feedbug,7182 Bellgrove Junction,Perle Tilley,543-874-1314,ptilley50@myspace.com,08/01/2025
182,Kwideo,79394 Harper Junction,Valerye Iacopini,776-152-3486,viacopini51@deliciousdays.com,07/01/2025
183,Livetube,39 Declaration Hill,Thea Larderot,371-867-5654,tlarderot52@wisc.edu,11/27/2024
184,Skalith,0890 Almo Trail,Anabelle Gutowski,751-378-0616,agutowski53@discovery.com,1/14/2025
185,Jetpulse,0543 Northwestern Alley,Alvan Reed,323-320-4955,areed54@de.vu,8/29/2025
186,Avavee,8241 Pepper Wood Point,Alfred Maplestone,427-162-1450,amaplestone55@com.com,11/21/2025
187,Zoovu,9 Tony Crossing,Geoffry Larner,702-641-5406,glarner56@de.vu,03/11/2025
188,Livetube,1193 Buell Park,Theressa Ruzek,955-896-6747,truzek57@ox.ac.uk,8/19/2025
189,Gigabox,9 Myrtle Terrace,Tony Chasen,924-792-6165,tchasen58@eepurl.com,4/27/2025
190,Photofeed,7 Shoshone Place,Priscilla McCadden,464-254-2015,pmccadden59@hud.gov,8/19/2025
191,Wikizz,81 Declaration Park,Sandi Skentelbery,332-807-8097,sskentelbery5a@google.co.jp,7/22/2025
192,Camimbo,3 Birchwood Pass,Benjamin Garratty,466-560-7919,bgarratty5b@hostgator.com,7/30/2025
193,Jayo,90471 Monica Place,Robbyn Bousfield,133-234-2529,rbousfield5c@typepad.com,9/30/2025
194,Riffpedia,9 Forest Dale Trail,Ansell Bengochea,744-758-7895,abengochea5d@howstuffworks.com,3/29/2025
195,Photobug,224 Summer Ridge Street,Brana Paulson,708-795-6072,bpaulson5e@zdnet.com,12/03/2024
196,Wordtune,87 Bellgrove Park,Farrah Wilkes,117-107-4786,fwilkes5f@amazon.de,11/21/2025
197,Kwideo,2896 Banding Lane,Ches Greedy,182-114-3094,cgreedy5g@bloglines.com,12/21/2024
198,Gevee,52603 Clemons Plaza,Veronica Seldner,449-699-0601,vseldner5h@dropbox.com,9/25/2025
199,Chatterpoint,4 Arapahoe Crossing,Dollie Gorden,380-362-1767,dgorden5i@wsj.com,5/14/2025
200,Photobean,889 Valley Edge Drive,Bibbye Lammertz,112-795-3642,blammertz5j@tinyurl.com,1/27/2025
